{
  "Daily": {
    "2026-05-02": {
      "Tokens": 5510,
      "Cost": 0.011020,
      "Requests": 5
    }
  },
  "Monthly": {
    "2026-05": {
      "Tokens": 5510,
      "Cost": 0.011020,
      "Requests": 5
    }
  }
}